name,type,direction,description
dim_000,float,,Dimension 0 of the Molecular representation through redundancy reduced Embeddings
dim_001,float,,Dimension 1 of the Molecular representation through redundancy reduced Embeddings
dim_002,float,,Dimension 2 of the Molecular representation through redundancy reduced Embeddings
dim_003,float,,Dimension 3 of the Molecular representation through redundancy reduced Embeddings
dim_004,float,,Dimension 4 of the Molecular representation through redundancy reduced Embeddings
dim_005,float,,Dimension 5 of the Molecular representation through redundancy reduced Embeddings
dim_006,float,,Dimension 6 of the Molecular representation through redundancy reduced Embeddings
dim_007,float,,Dimension 7 of the Molecular representation through redundancy reduced Embeddings
dim_008,float,,Dimension 8 of the Molecular representation through redundancy reduced Embeddings
dim_009,float,,Dimension 9 of the Molecular representation through redundancy reduced Embeddings
dim_010,float,,Dimension 10 of the Molecular representation through redundancy reduced Embeddings
dim_011,float,,Dimension 11 of the Molecular representation through redundancy reduced Embeddings
dim_012,float,,Dimension 12 of the Molecular representation through redundancy reduced Embeddings
dim_013,float,,Dimension 13 of the Molecular representation through redundancy reduced Embeddings
dim_014,float,,Dimension 14 of the Molecular representation through redundancy reduced Embeddings
dim_015,float,,Dimension 15 of the Molecular representation through redundancy reduced Embeddings
dim_016,float,,Dimension 16 of the Molecular representation through redundancy reduced Embeddings
dim_017,float,,Dimension 17 of the Molecular representation through redundancy reduced Embeddings
dim_018,float,,Dimension 18 of the Molecular representation through redundancy reduced Embeddings
dim_019,float,,Dimension 19 of the Molecular representation through redundancy reduced Embeddings
dim_020,float,,Dimension 20 of the Molecular representation through redundancy reduced Embeddings
dim_021,float,,Dimension 21 of the Molecular representation through redundancy reduced Embeddings
dim_022,float,,Dimension 22 of the Molecular representation through redundancy reduced Embeddings
dim_023,float,,Dimension 23 of the Molecular representation through redundancy reduced Embeddings
dim_024,float,,Dimension 24 of the Molecular representation through redundancy reduced Embeddings
dim_025,float,,Dimension 25 of the Molecular representation through redundancy reduced Embeddings
dim_026,float,,Dimension 26 of the Molecular representation through redundancy reduced Embeddings
dim_027,float,,Dimension 27 of the Molecular representation through redundancy reduced Embeddings
dim_028,float,,Dimension 28 of the Molecular representation through redundancy reduced Embeddings
dim_029,float,,Dimension 29 of the Molecular representation through redundancy reduced Embeddings
dim_030,float,,Dimension 30 of the Molecular representation through redundancy reduced Embeddings
dim_031,float,,Dimension 31 of the Molecular representation through redundancy reduced Embeddings
dim_032,float,,Dimension 32 of the Molecular representation through redundancy reduced Embeddings
dim_033,float,,Dimension 33 of the Molecular representation through redundancy reduced Embeddings
dim_034,float,,Dimension 34 of the Molecular representation through redundancy reduced Embeddings
dim_035,float,,Dimension 35 of the Molecular representation through redundancy reduced Embeddings
dim_036,float,,Dimension 36 of the Molecular representation through redundancy reduced Embeddings
dim_037,float,,Dimension 37 of the Molecular representation through redundancy reduced Embeddings
dim_038,float,,Dimension 38 of the Molecular representation through redundancy reduced Embeddings
dim_039,float,,Dimension 39 of the Molecular representation through redundancy reduced Embeddings
dim_040,float,,Dimension 40 of the Molecular representation through redundancy reduced Embeddings
dim_041,float,,Dimension 41 of the Molecular representation through redundancy reduced Embeddings
dim_042,float,,Dimension 42 of the Molecular representation through redundancy reduced Embeddings
dim_043,float,,Dimension 43 of the Molecular representation through redundancy reduced Embeddings
dim_044,float,,Dimension 44 of the Molecular representation through redundancy reduced Embeddings
dim_045,float,,Dimension 45 of the Molecular representation through redundancy reduced Embeddings
dim_046,float,,Dimension 46 of the Molecular representation through redundancy reduced Embeddings
dim_047,float,,Dimension 47 of the Molecular representation through redundancy reduced Embeddings
dim_048,float,,Dimension 48 of the Molecular representation through redundancy reduced Embeddings
dim_049,float,,Dimension 49 of the Molecular representation through redundancy reduced Embeddings
dim_050,float,,Dimension 50 of the Molecular representation through redundancy reduced Embeddings
dim_051,float,,Dimension 51 of the Molecular representation through redundancy reduced Embeddings
dim_052,float,,Dimension 52 of the Molecular representation through redundancy reduced Embeddings
dim_053,float,,Dimension 53 of the Molecular representation through redundancy reduced Embeddings
dim_054,float,,Dimension 54 of the Molecular representation through redundancy reduced Embeddings
dim_055,float,,Dimension 55 of the Molecular representation through redundancy reduced Embeddings
dim_056,float,,Dimension 56 of the Molecular representation through redundancy reduced Embeddings
dim_057,float,,Dimension 57 of the Molecular representation through redundancy reduced Embeddings
dim_058,float,,Dimension 58 of the Molecular representation through redundancy reduced Embeddings
dim_059,float,,Dimension 59 of the Molecular representation through redundancy reduced Embeddings
dim_060,float,,Dimension 60 of the Molecular representation through redundancy reduced Embeddings
dim_061,float,,Dimension 61 of the Molecular representation through redundancy reduced Embeddings
dim_062,float,,Dimension 62 of the Molecular representation through redundancy reduced Embeddings
dim_063,float,,Dimension 63 of the Molecular representation through redundancy reduced Embeddings
dim_064,float,,Dimension 64 of the Molecular representation through redundancy reduced Embeddings
dim_065,float,,Dimension 65 of the Molecular representation through redundancy reduced Embeddings
dim_066,float,,Dimension 66 of the Molecular representation through redundancy reduced Embeddings
dim_067,float,,Dimension 67 of the Molecular representation through redundancy reduced Embeddings
dim_068,float,,Dimension 68 of the Molecular representation through redundancy reduced Embeddings
dim_069,float,,Dimension 69 of the Molecular representation through redundancy reduced Embeddings
dim_070,float,,Dimension 70 of the Molecular representation through redundancy reduced Embeddings
dim_071,float,,Dimension 71 of the Molecular representation through redundancy reduced Embeddings
dim_072,float,,Dimension 72 of the Molecular representation through redundancy reduced Embeddings
dim_073,float,,Dimension 73 of the Molecular representation through redundancy reduced Embeddings
dim_074,float,,Dimension 74 of the Molecular representation through redundancy reduced Embeddings
dim_075,float,,Dimension 75 of the Molecular representation through redundancy reduced Embeddings
dim_076,float,,Dimension 76 of the Molecular representation through redundancy reduced Embeddings
dim_077,float,,Dimension 77 of the Molecular representation through redundancy reduced Embeddings
dim_078,float,,Dimension 78 of the Molecular representation through redundancy reduced Embeddings
dim_079,float,,Dimension 79 of the Molecular representation through redundancy reduced Embeddings
dim_080,float,,Dimension 80 of the Molecular representation through redundancy reduced Embeddings
dim_081,float,,Dimension 81 of the Molecular representation through redundancy reduced Embeddings
dim_082,float,,Dimension 82 of the Molecular representation through redundancy reduced Embeddings
dim_083,float,,Dimension 83 of the Molecular representation through redundancy reduced Embeddings
dim_084,float,,Dimension 84 of the Molecular representation through redundancy reduced Embeddings
dim_085,float,,Dimension 85 of the Molecular representation through redundancy reduced Embeddings
dim_086,float,,Dimension 86 of the Molecular representation through redundancy reduced Embeddings
dim_087,float,,Dimension 87 of the Molecular representation through redundancy reduced Embeddings
dim_088,float,,Dimension 88 of the Molecular representation through redundancy reduced Embeddings
dim_089,float,,Dimension 89 of the Molecular representation through redundancy reduced Embeddings
dim_090,float,,Dimension 90 of the Molecular representation through redundancy reduced Embeddings
dim_091,float,,Dimension 91 of the Molecular representation through redundancy reduced Embeddings
dim_092,float,,Dimension 92 of the Molecular representation through redundancy reduced Embeddings
dim_093,float,,Dimension 93 of the Molecular representation through redundancy reduced Embeddings
dim_094,float,,Dimension 94 of the Molecular representation through redundancy reduced Embeddings
dim_095,float,,Dimension 95 of the Molecular representation through redundancy reduced Embeddings
dim_096,float,,Dimension 96 of the Molecular representation through redundancy reduced Embeddings
dim_097,float,,Dimension 97 of the Molecular representation through redundancy reduced Embeddings
dim_098,float,,Dimension 98 of the Molecular representation through redundancy reduced Embeddings
dim_099,float,,Dimension 99 of the Molecular representation through redundancy reduced Embeddings
dim_100,float,,Dimension 100 of the Molecular representation through redundancy reduced Embeddings
dim_101,float,,Dimension 101 of the Molecular representation through redundancy reduced Embeddings
dim_102,float,,Dimension 102 of the Molecular representation through redundancy reduced Embeddings
dim_103,float,,Dimension 103 of the Molecular representation through redundancy reduced Embeddings
dim_104,float,,Dimension 104 of the Molecular representation through redundancy reduced Embeddings
dim_105,float,,Dimension 105 of the Molecular representation through redundancy reduced Embeddings
dim_106,float,,Dimension 106 of the Molecular representation through redundancy reduced Embeddings
dim_107,float,,Dimension 107 of the Molecular representation through redundancy reduced Embeddings
dim_108,float,,Dimension 108 of the Molecular representation through redundancy reduced Embeddings
dim_109,float,,Dimension 109 of the Molecular representation through redundancy reduced Embeddings
dim_110,float,,Dimension 110 of the Molecular representation through redundancy reduced Embeddings
dim_111,float,,Dimension 111 of the Molecular representation through redundancy reduced Embeddings
dim_112,float,,Dimension 112 of the Molecular representation through redundancy reduced Embeddings
dim_113,float,,Dimension 113 of the Molecular representation through redundancy reduced Embeddings
dim_114,float,,Dimension 114 of the Molecular representation through redundancy reduced Embeddings
dim_115,float,,Dimension 115 of the Molecular representation through redundancy reduced Embeddings
dim_116,float,,Dimension 116 of the Molecular representation through redundancy reduced Embeddings
dim_117,float,,Dimension 117 of the Molecular representation through redundancy reduced Embeddings
dim_118,float,,Dimension 118 of the Molecular representation through redundancy reduced Embeddings
dim_119,float,,Dimension 119 of the Molecular representation through redundancy reduced Embeddings
dim_120,float,,Dimension 120 of the Molecular representation through redundancy reduced Embeddings
dim_121,float,,Dimension 121 of the Molecular representation through redundancy reduced Embeddings
dim_122,float,,Dimension 122 of the Molecular representation through redundancy reduced Embeddings
dim_123,float,,Dimension 123 of the Molecular representation through redundancy reduced Embeddings
dim_124,float,,Dimension 124 of the Molecular representation through redundancy reduced Embeddings
dim_125,float,,Dimension 125 of the Molecular representation through redundancy reduced Embeddings
dim_126,float,,Dimension 126 of the Molecular representation through redundancy reduced Embeddings
dim_127,float,,Dimension 127 of the Molecular representation through redundancy reduced Embeddings
dim_128,float,,Dimension 128 of the Molecular representation through redundancy reduced Embeddings
dim_129,float,,Dimension 129 of the Molecular representation through redundancy reduced Embeddings
dim_130,float,,Dimension 130 of the Molecular representation through redundancy reduced Embeddings
dim_131,float,,Dimension 131 of the Molecular representation through redundancy reduced Embeddings
dim_132,float,,Dimension 132 of the Molecular representation through redundancy reduced Embeddings
dim_133,float,,Dimension 133 of the Molecular representation through redundancy reduced Embeddings
dim_134,float,,Dimension 134 of the Molecular representation through redundancy reduced Embeddings
dim_135,float,,Dimension 135 of the Molecular representation through redundancy reduced Embeddings
dim_136,float,,Dimension 136 of the Molecular representation through redundancy reduced Embeddings
dim_137,float,,Dimension 137 of the Molecular representation through redundancy reduced Embeddings
dim_138,float,,Dimension 138 of the Molecular representation through redundancy reduced Embeddings
dim_139,float,,Dimension 139 of the Molecular representation through redundancy reduced Embeddings
dim_140,float,,Dimension 140 of the Molecular representation through redundancy reduced Embeddings
dim_141,float,,Dimension 141 of the Molecular representation through redundancy reduced Embeddings
dim_142,float,,Dimension 142 of the Molecular representation through redundancy reduced Embeddings
dim_143,float,,Dimension 143 of the Molecular representation through redundancy reduced Embeddings
dim_144,float,,Dimension 144 of the Molecular representation through redundancy reduced Embeddings
dim_145,float,,Dimension 145 of the Molecular representation through redundancy reduced Embeddings
dim_146,float,,Dimension 146 of the Molecular representation through redundancy reduced Embeddings
dim_147,float,,Dimension 147 of the Molecular representation through redundancy reduced Embeddings
dim_148,float,,Dimension 148 of the Molecular representation through redundancy reduced Embeddings
dim_149,float,,Dimension 149 of the Molecular representation through redundancy reduced Embeddings
dim_150,float,,Dimension 150 of the Molecular representation through redundancy reduced Embeddings
dim_151,float,,Dimension 151 of the Molecular representation through redundancy reduced Embeddings
dim_152,float,,Dimension 152 of the Molecular representation through redundancy reduced Embeddings
dim_153,float,,Dimension 153 of the Molecular representation through redundancy reduced Embeddings
dim_154,float,,Dimension 154 of the Molecular representation through redundancy reduced Embeddings
dim_155,float,,Dimension 155 of the Molecular representation through redundancy reduced Embeddings
dim_156,float,,Dimension 156 of the Molecular representation through redundancy reduced Embeddings
dim_157,float,,Dimension 157 of the Molecular representation through redundancy reduced Embeddings
dim_158,float,,Dimension 158 of the Molecular representation through redundancy reduced Embeddings
dim_159,float,,Dimension 159 of the Molecular representation through redundancy reduced Embeddings
dim_160,float,,Dimension 160 of the Molecular representation through redundancy reduced Embeddings
dim_161,float,,Dimension 161 of the Molecular representation through redundancy reduced Embeddings
dim_162,float,,Dimension 162 of the Molecular representation through redundancy reduced Embeddings
dim_163,float,,Dimension 163 of the Molecular representation through redundancy reduced Embeddings
dim_164,float,,Dimension 164 of the Molecular representation through redundancy reduced Embeddings
dim_165,float,,Dimension 165 of the Molecular representation through redundancy reduced Embeddings
dim_166,float,,Dimension 166 of the Molecular representation through redundancy reduced Embeddings
dim_167,float,,Dimension 167 of the Molecular representation through redundancy reduced Embeddings
dim_168,float,,Dimension 168 of the Molecular representation through redundancy reduced Embeddings
dim_169,float,,Dimension 169 of the Molecular representation through redundancy reduced Embeddings
dim_170,float,,Dimension 170 of the Molecular representation through redundancy reduced Embeddings
dim_171,float,,Dimension 171 of the Molecular representation through redundancy reduced Embeddings
dim_172,float,,Dimension 172 of the Molecular representation through redundancy reduced Embeddings
dim_173,float,,Dimension 173 of the Molecular representation through redundancy reduced Embeddings
dim_174,float,,Dimension 174 of the Molecular representation through redundancy reduced Embeddings
dim_175,float,,Dimension 175 of the Molecular representation through redundancy reduced Embeddings
dim_176,float,,Dimension 176 of the Molecular representation through redundancy reduced Embeddings
dim_177,float,,Dimension 177 of the Molecular representation through redundancy reduced Embeddings
dim_178,float,,Dimension 178 of the Molecular representation through redundancy reduced Embeddings
dim_179,float,,Dimension 179 of the Molecular representation through redundancy reduced Embeddings
dim_180,float,,Dimension 180 of the Molecular representation through redundancy reduced Embeddings
dim_181,float,,Dimension 181 of the Molecular representation through redundancy reduced Embeddings
dim_182,float,,Dimension 182 of the Molecular representation through redundancy reduced Embeddings
dim_183,float,,Dimension 183 of the Molecular representation through redundancy reduced Embeddings
dim_184,float,,Dimension 184 of the Molecular representation through redundancy reduced Embeddings
dim_185,float,,Dimension 185 of the Molecular representation through redundancy reduced Embeddings
dim_186,float,,Dimension 186 of the Molecular representation through redundancy reduced Embeddings
dim_187,float,,Dimension 187 of the Molecular representation through redundancy reduced Embeddings
dim_188,float,,Dimension 188 of the Molecular representation through redundancy reduced Embeddings
dim_189,float,,Dimension 189 of the Molecular representation through redundancy reduced Embeddings
dim_190,float,,Dimension 190 of the Molecular representation through redundancy reduced Embeddings
dim_191,float,,Dimension 191 of the Molecular representation through redundancy reduced Embeddings
dim_192,float,,Dimension 192 of the Molecular representation through redundancy reduced Embeddings
dim_193,float,,Dimension 193 of the Molecular representation through redundancy reduced Embeddings
dim_194,float,,Dimension 194 of the Molecular representation through redundancy reduced Embeddings
dim_195,float,,Dimension 195 of the Molecular representation through redundancy reduced Embeddings
dim_196,float,,Dimension 196 of the Molecular representation through redundancy reduced Embeddings
dim_197,float,,Dimension 197 of the Molecular representation through redundancy reduced Embeddings
dim_198,float,,Dimension 198 of the Molecular representation through redundancy reduced Embeddings
dim_199,float,,Dimension 199 of the Molecular representation through redundancy reduced Embeddings
dim_200,float,,Dimension 200 of the Molecular representation through redundancy reduced Embeddings
dim_201,float,,Dimension 201 of the Molecular representation through redundancy reduced Embeddings
dim_202,float,,Dimension 202 of the Molecular representation through redundancy reduced Embeddings
dim_203,float,,Dimension 203 of the Molecular representation through redundancy reduced Embeddings
dim_204,float,,Dimension 204 of the Molecular representation through redundancy reduced Embeddings
dim_205,float,,Dimension 205 of the Molecular representation through redundancy reduced Embeddings
dim_206,float,,Dimension 206 of the Molecular representation through redundancy reduced Embeddings
dim_207,float,,Dimension 207 of the Molecular representation through redundancy reduced Embeddings
dim_208,float,,Dimension 208 of the Molecular representation through redundancy reduced Embeddings
dim_209,float,,Dimension 209 of the Molecular representation through redundancy reduced Embeddings
dim_210,float,,Dimension 210 of the Molecular representation through redundancy reduced Embeddings
dim_211,float,,Dimension 211 of the Molecular representation through redundancy reduced Embeddings
dim_212,float,,Dimension 212 of the Molecular representation through redundancy reduced Embeddings
dim_213,float,,Dimension 213 of the Molecular representation through redundancy reduced Embeddings
dim_214,float,,Dimension 214 of the Molecular representation through redundancy reduced Embeddings
dim_215,float,,Dimension 215 of the Molecular representation through redundancy reduced Embeddings
dim_216,float,,Dimension 216 of the Molecular representation through redundancy reduced Embeddings
dim_217,float,,Dimension 217 of the Molecular representation through redundancy reduced Embeddings
dim_218,float,,Dimension 218 of the Molecular representation through redundancy reduced Embeddings
dim_219,float,,Dimension 219 of the Molecular representation through redundancy reduced Embeddings
dim_220,float,,Dimension 220 of the Molecular representation through redundancy reduced Embeddings
dim_221,float,,Dimension 221 of the Molecular representation through redundancy reduced Embeddings
dim_222,float,,Dimension 222 of the Molecular representation through redundancy reduced Embeddings
dim_223,float,,Dimension 223 of the Molecular representation through redundancy reduced Embeddings
dim_224,float,,Dimension 224 of the Molecular representation through redundancy reduced Embeddings
dim_225,float,,Dimension 225 of the Molecular representation through redundancy reduced Embeddings
dim_226,float,,Dimension 226 of the Molecular representation through redundancy reduced Embeddings
dim_227,float,,Dimension 227 of the Molecular representation through redundancy reduced Embeddings
dim_228,float,,Dimension 228 of the Molecular representation through redundancy reduced Embeddings
dim_229,float,,Dimension 229 of the Molecular representation through redundancy reduced Embeddings
dim_230,float,,Dimension 230 of the Molecular representation through redundancy reduced Embeddings
dim_231,float,,Dimension 231 of the Molecular representation through redundancy reduced Embeddings
dim_232,float,,Dimension 232 of the Molecular representation through redundancy reduced Embeddings
dim_233,float,,Dimension 233 of the Molecular representation through redundancy reduced Embeddings
dim_234,float,,Dimension 234 of the Molecular representation through redundancy reduced Embeddings
dim_235,float,,Dimension 235 of the Molecular representation through redundancy reduced Embeddings
dim_236,float,,Dimension 236 of the Molecular representation through redundancy reduced Embeddings
dim_237,float,,Dimension 237 of the Molecular representation through redundancy reduced Embeddings
dim_238,float,,Dimension 238 of the Molecular representation through redundancy reduced Embeddings
dim_239,float,,Dimension 239 of the Molecular representation through redundancy reduced Embeddings
dim_240,float,,Dimension 240 of the Molecular representation through redundancy reduced Embeddings
dim_241,float,,Dimension 241 of the Molecular representation through redundancy reduced Embeddings
dim_242,float,,Dimension 242 of the Molecular representation through redundancy reduced Embeddings
dim_243,float,,Dimension 243 of the Molecular representation through redundancy reduced Embeddings
dim_244,float,,Dimension 244 of the Molecular representation through redundancy reduced Embeddings
dim_245,float,,Dimension 245 of the Molecular representation through redundancy reduced Embeddings
dim_246,float,,Dimension 246 of the Molecular representation through redundancy reduced Embeddings
dim_247,float,,Dimension 247 of the Molecular representation through redundancy reduced Embeddings
dim_248,float,,Dimension 248 of the Molecular representation through redundancy reduced Embeddings
dim_249,float,,Dimension 249 of the Molecular representation through redundancy reduced Embeddings
dim_250,float,,Dimension 250 of the Molecular representation through redundancy reduced Embeddings
dim_251,float,,Dimension 251 of the Molecular representation through redundancy reduced Embeddings
dim_252,float,,Dimension 252 of the Molecular representation through redundancy reduced Embeddings
dim_253,float,,Dimension 253 of the Molecular representation through redundancy reduced Embeddings
dim_254,float,,Dimension 254 of the Molecular representation through redundancy reduced Embeddings
dim_255,float,,Dimension 255 of the Molecular representation through redundancy reduced Embeddings
dim_256,float,,Dimension 256 of the Molecular representation through redundancy reduced Embeddings
dim_257,float,,Dimension 257 of the Molecular representation through redundancy reduced Embeddings
dim_258,float,,Dimension 258 of the Molecular representation through redundancy reduced Embeddings
dim_259,float,,Dimension 259 of the Molecular representation through redundancy reduced Embeddings
dim_260,float,,Dimension 260 of the Molecular representation through redundancy reduced Embeddings
dim_261,float,,Dimension 261 of the Molecular representation through redundancy reduced Embeddings
dim_262,float,,Dimension 262 of the Molecular representation through redundancy reduced Embeddings
dim_263,float,,Dimension 263 of the Molecular representation through redundancy reduced Embeddings
dim_264,float,,Dimension 264 of the Molecular representation through redundancy reduced Embeddings
dim_265,float,,Dimension 265 of the Molecular representation through redundancy reduced Embeddings
dim_266,float,,Dimension 266 of the Molecular representation through redundancy reduced Embeddings
dim_267,float,,Dimension 267 of the Molecular representation through redundancy reduced Embeddings
dim_268,float,,Dimension 268 of the Molecular representation through redundancy reduced Embeddings
dim_269,float,,Dimension 269 of the Molecular representation through redundancy reduced Embeddings
dim_270,float,,Dimension 270 of the Molecular representation through redundancy reduced Embeddings
dim_271,float,,Dimension 271 of the Molecular representation through redundancy reduced Embeddings
dim_272,float,,Dimension 272 of the Molecular representation through redundancy reduced Embeddings
dim_273,float,,Dimension 273 of the Molecular representation through redundancy reduced Embeddings
dim_274,float,,Dimension 274 of the Molecular representation through redundancy reduced Embeddings
dim_275,float,,Dimension 275 of the Molecular representation through redundancy reduced Embeddings
dim_276,float,,Dimension 276 of the Molecular representation through redundancy reduced Embeddings
dim_277,float,,Dimension 277 of the Molecular representation through redundancy reduced Embeddings
dim_278,float,,Dimension 278 of the Molecular representation through redundancy reduced Embeddings
dim_279,float,,Dimension 279 of the Molecular representation through redundancy reduced Embeddings
dim_280,float,,Dimension 280 of the Molecular representation through redundancy reduced Embeddings
dim_281,float,,Dimension 281 of the Molecular representation through redundancy reduced Embeddings
dim_282,float,,Dimension 282 of the Molecular representation through redundancy reduced Embeddings
dim_283,float,,Dimension 283 of the Molecular representation through redundancy reduced Embeddings
dim_284,float,,Dimension 284 of the Molecular representation through redundancy reduced Embeddings
dim_285,float,,Dimension 285 of the Molecular representation through redundancy reduced Embeddings
dim_286,float,,Dimension 286 of the Molecular representation through redundancy reduced Embeddings
dim_287,float,,Dimension 287 of the Molecular representation through redundancy reduced Embeddings
dim_288,float,,Dimension 288 of the Molecular representation through redundancy reduced Embeddings
dim_289,float,,Dimension 289 of the Molecular representation through redundancy reduced Embeddings
dim_290,float,,Dimension 290 of the Molecular representation through redundancy reduced Embeddings
dim_291,float,,Dimension 291 of the Molecular representation through redundancy reduced Embeddings
dim_292,float,,Dimension 292 of the Molecular representation through redundancy reduced Embeddings
dim_293,float,,Dimension 293 of the Molecular representation through redundancy reduced Embeddings
dim_294,float,,Dimension 294 of the Molecular representation through redundancy reduced Embeddings
dim_295,float,,Dimension 295 of the Molecular representation through redundancy reduced Embeddings
dim_296,float,,Dimension 296 of the Molecular representation through redundancy reduced Embeddings
dim_297,float,,Dimension 297 of the Molecular representation through redundancy reduced Embeddings
dim_298,float,,Dimension 298 of the Molecular representation through redundancy reduced Embeddings
dim_299,float,,Dimension 299 of the Molecular representation through redundancy reduced Embeddings
dim_300,float,,Dimension 300 of the Molecular representation through redundancy reduced Embeddings
dim_301,float,,Dimension 301 of the Molecular representation through redundancy reduced Embeddings
dim_302,float,,Dimension 302 of the Molecular representation through redundancy reduced Embeddings
dim_303,float,,Dimension 303 of the Molecular representation through redundancy reduced Embeddings
dim_304,float,,Dimension 304 of the Molecular representation through redundancy reduced Embeddings
dim_305,float,,Dimension 305 of the Molecular representation through redundancy reduced Embeddings
dim_306,float,,Dimension 306 of the Molecular representation through redundancy reduced Embeddings
dim_307,float,,Dimension 307 of the Molecular representation through redundancy reduced Embeddings
dim_308,float,,Dimension 308 of the Molecular representation through redundancy reduced Embeddings
dim_309,float,,Dimension 309 of the Molecular representation through redundancy reduced Embeddings
dim_310,float,,Dimension 310 of the Molecular representation through redundancy reduced Embeddings
dim_311,float,,Dimension 311 of the Molecular representation through redundancy reduced Embeddings
dim_312,float,,Dimension 312 of the Molecular representation through redundancy reduced Embeddings
dim_313,float,,Dimension 313 of the Molecular representation through redundancy reduced Embeddings
dim_314,float,,Dimension 314 of the Molecular representation through redundancy reduced Embeddings
dim_315,float,,Dimension 315 of the Molecular representation through redundancy reduced Embeddings
dim_316,float,,Dimension 316 of the Molecular representation through redundancy reduced Embeddings
dim_317,float,,Dimension 317 of the Molecular representation through redundancy reduced Embeddings
dim_318,float,,Dimension 318 of the Molecular representation through redundancy reduced Embeddings
dim_319,float,,Dimension 319 of the Molecular representation through redundancy reduced Embeddings
dim_320,float,,Dimension 320 of the Molecular representation through redundancy reduced Embeddings
dim_321,float,,Dimension 321 of the Molecular representation through redundancy reduced Embeddings
dim_322,float,,Dimension 322 of the Molecular representation through redundancy reduced Embeddings
dim_323,float,,Dimension 323 of the Molecular representation through redundancy reduced Embeddings
dim_324,float,,Dimension 324 of the Molecular representation through redundancy reduced Embeddings
dim_325,float,,Dimension 325 of the Molecular representation through redundancy reduced Embeddings
dim_326,float,,Dimension 326 of the Molecular representation through redundancy reduced Embeddings
dim_327,float,,Dimension 327 of the Molecular representation through redundancy reduced Embeddings
dim_328,float,,Dimension 328 of the Molecular representation through redundancy reduced Embeddings
dim_329,float,,Dimension 329 of the Molecular representation through redundancy reduced Embeddings
dim_330,float,,Dimension 330 of the Molecular representation through redundancy reduced Embeddings
dim_331,float,,Dimension 331 of the Molecular representation through redundancy reduced Embeddings
dim_332,float,,Dimension 332 of the Molecular representation through redundancy reduced Embeddings
dim_333,float,,Dimension 333 of the Molecular representation through redundancy reduced Embeddings
dim_334,float,,Dimension 334 of the Molecular representation through redundancy reduced Embeddings
dim_335,float,,Dimension 335 of the Molecular representation through redundancy reduced Embeddings
dim_336,float,,Dimension 336 of the Molecular representation through redundancy reduced Embeddings
dim_337,float,,Dimension 337 of the Molecular representation through redundancy reduced Embeddings
dim_338,float,,Dimension 338 of the Molecular representation through redundancy reduced Embeddings
dim_339,float,,Dimension 339 of the Molecular representation through redundancy reduced Embeddings
dim_340,float,,Dimension 340 of the Molecular representation through redundancy reduced Embeddings
dim_341,float,,Dimension 341 of the Molecular representation through redundancy reduced Embeddings
dim_342,float,,Dimension 342 of the Molecular representation through redundancy reduced Embeddings
dim_343,float,,Dimension 343 of the Molecular representation through redundancy reduced Embeddings
dim_344,float,,Dimension 344 of the Molecular representation through redundancy reduced Embeddings
dim_345,float,,Dimension 345 of the Molecular representation through redundancy reduced Embeddings
dim_346,float,,Dimension 346 of the Molecular representation through redundancy reduced Embeddings
dim_347,float,,Dimension 347 of the Molecular representation through redundancy reduced Embeddings
dim_348,float,,Dimension 348 of the Molecular representation through redundancy reduced Embeddings
dim_349,float,,Dimension 349 of the Molecular representation through redundancy reduced Embeddings
dim_350,float,,Dimension 350 of the Molecular representation through redundancy reduced Embeddings
dim_351,float,,Dimension 351 of the Molecular representation through redundancy reduced Embeddings
dim_352,float,,Dimension 352 of the Molecular representation through redundancy reduced Embeddings
dim_353,float,,Dimension 353 of the Molecular representation through redundancy reduced Embeddings
dim_354,float,,Dimension 354 of the Molecular representation through redundancy reduced Embeddings
dim_355,float,,Dimension 355 of the Molecular representation through redundancy reduced Embeddings
dim_356,float,,Dimension 356 of the Molecular representation through redundancy reduced Embeddings
dim_357,float,,Dimension 357 of the Molecular representation through redundancy reduced Embeddings
dim_358,float,,Dimension 358 of the Molecular representation through redundancy reduced Embeddings
dim_359,float,,Dimension 359 of the Molecular representation through redundancy reduced Embeddings
dim_360,float,,Dimension 360 of the Molecular representation through redundancy reduced Embeddings
dim_361,float,,Dimension 361 of the Molecular representation through redundancy reduced Embeddings
dim_362,float,,Dimension 362 of the Molecular representation through redundancy reduced Embeddings
dim_363,float,,Dimension 363 of the Molecular representation through redundancy reduced Embeddings
dim_364,float,,Dimension 364 of the Molecular representation through redundancy reduced Embeddings
dim_365,float,,Dimension 365 of the Molecular representation through redundancy reduced Embeddings
dim_366,float,,Dimension 366 of the Molecular representation through redundancy reduced Embeddings
dim_367,float,,Dimension 367 of the Molecular representation through redundancy reduced Embeddings
dim_368,float,,Dimension 368 of the Molecular representation through redundancy reduced Embeddings
dim_369,float,,Dimension 369 of the Molecular representation through redundancy reduced Embeddings
dim_370,float,,Dimension 370 of the Molecular representation through redundancy reduced Embeddings
dim_371,float,,Dimension 371 of the Molecular representation through redundancy reduced Embeddings
dim_372,float,,Dimension 372 of the Molecular representation through redundancy reduced Embeddings
dim_373,float,,Dimension 373 of the Molecular representation through redundancy reduced Embeddings
dim_374,float,,Dimension 374 of the Molecular representation through redundancy reduced Embeddings
dim_375,float,,Dimension 375 of the Molecular representation through redundancy reduced Embeddings
dim_376,float,,Dimension 376 of the Molecular representation through redundancy reduced Embeddings
dim_377,float,,Dimension 377 of the Molecular representation through redundancy reduced Embeddings
dim_378,float,,Dimension 378 of the Molecular representation through redundancy reduced Embeddings
dim_379,float,,Dimension 379 of the Molecular representation through redundancy reduced Embeddings
dim_380,float,,Dimension 380 of the Molecular representation through redundancy reduced Embeddings
dim_381,float,,Dimension 381 of the Molecular representation through redundancy reduced Embeddings
dim_382,float,,Dimension 382 of the Molecular representation through redundancy reduced Embeddings
dim_383,float,,Dimension 383 of the Molecular representation through redundancy reduced Embeddings
dim_384,float,,Dimension 384 of the Molecular representation through redundancy reduced Embeddings
dim_385,float,,Dimension 385 of the Molecular representation through redundancy reduced Embeddings
dim_386,float,,Dimension 386 of the Molecular representation through redundancy reduced Embeddings
dim_387,float,,Dimension 387 of the Molecular representation through redundancy reduced Embeddings
dim_388,float,,Dimension 388 of the Molecular representation through redundancy reduced Embeddings
dim_389,float,,Dimension 389 of the Molecular representation through redundancy reduced Embeddings
dim_390,float,,Dimension 390 of the Molecular representation through redundancy reduced Embeddings
dim_391,float,,Dimension 391 of the Molecular representation through redundancy reduced Embeddings
dim_392,float,,Dimension 392 of the Molecular representation through redundancy reduced Embeddings
dim_393,float,,Dimension 393 of the Molecular representation through redundancy reduced Embeddings
dim_394,float,,Dimension 394 of the Molecular representation through redundancy reduced Embeddings
dim_395,float,,Dimension 395 of the Molecular representation through redundancy reduced Embeddings
dim_396,float,,Dimension 396 of the Molecular representation through redundancy reduced Embeddings
dim_397,float,,Dimension 397 of the Molecular representation through redundancy reduced Embeddings
dim_398,float,,Dimension 398 of the Molecular representation through redundancy reduced Embeddings
dim_399,float,,Dimension 399 of the Molecular representation through redundancy reduced Embeddings
dim_400,float,,Dimension 400 of the Molecular representation through redundancy reduced Embeddings
dim_401,float,,Dimension 401 of the Molecular representation through redundancy reduced Embeddings
dim_402,float,,Dimension 402 of the Molecular representation through redundancy reduced Embeddings
dim_403,float,,Dimension 403 of the Molecular representation through redundancy reduced Embeddings
dim_404,float,,Dimension 404 of the Molecular representation through redundancy reduced Embeddings
dim_405,float,,Dimension 405 of the Molecular representation through redundancy reduced Embeddings
dim_406,float,,Dimension 406 of the Molecular representation through redundancy reduced Embeddings
dim_407,float,,Dimension 407 of the Molecular representation through redundancy reduced Embeddings
dim_408,float,,Dimension 408 of the Molecular representation through redundancy reduced Embeddings
dim_409,float,,Dimension 409 of the Molecular representation through redundancy reduced Embeddings
dim_410,float,,Dimension 410 of the Molecular representation through redundancy reduced Embeddings
dim_411,float,,Dimension 411 of the Molecular representation through redundancy reduced Embeddings
dim_412,float,,Dimension 412 of the Molecular representation through redundancy reduced Embeddings
dim_413,float,,Dimension 413 of the Molecular representation through redundancy reduced Embeddings
dim_414,float,,Dimension 414 of the Molecular representation through redundancy reduced Embeddings
dim_415,float,,Dimension 415 of the Molecular representation through redundancy reduced Embeddings
dim_416,float,,Dimension 416 of the Molecular representation through redundancy reduced Embeddings
dim_417,float,,Dimension 417 of the Molecular representation through redundancy reduced Embeddings
dim_418,float,,Dimension 418 of the Molecular representation through redundancy reduced Embeddings
dim_419,float,,Dimension 419 of the Molecular representation through redundancy reduced Embeddings
dim_420,float,,Dimension 420 of the Molecular representation through redundancy reduced Embeddings
dim_421,float,,Dimension 421 of the Molecular representation through redundancy reduced Embeddings
dim_422,float,,Dimension 422 of the Molecular representation through redundancy reduced Embeddings
dim_423,float,,Dimension 423 of the Molecular representation through redundancy reduced Embeddings
dim_424,float,,Dimension 424 of the Molecular representation through redundancy reduced Embeddings
dim_425,float,,Dimension 425 of the Molecular representation through redundancy reduced Embeddings
dim_426,float,,Dimension 426 of the Molecular representation through redundancy reduced Embeddings
dim_427,float,,Dimension 427 of the Molecular representation through redundancy reduced Embeddings
dim_428,float,,Dimension 428 of the Molecular representation through redundancy reduced Embeddings
dim_429,float,,Dimension 429 of the Molecular representation through redundancy reduced Embeddings
dim_430,float,,Dimension 430 of the Molecular representation through redundancy reduced Embeddings
dim_431,float,,Dimension 431 of the Molecular representation through redundancy reduced Embeddings
dim_432,float,,Dimension 432 of the Molecular representation through redundancy reduced Embeddings
dim_433,float,,Dimension 433 of the Molecular representation through redundancy reduced Embeddings
dim_434,float,,Dimension 434 of the Molecular representation through redundancy reduced Embeddings
dim_435,float,,Dimension 435 of the Molecular representation through redundancy reduced Embeddings
dim_436,float,,Dimension 436 of the Molecular representation through redundancy reduced Embeddings
dim_437,float,,Dimension 437 of the Molecular representation through redundancy reduced Embeddings
dim_438,float,,Dimension 438 of the Molecular representation through redundancy reduced Embeddings
dim_439,float,,Dimension 439 of the Molecular representation through redundancy reduced Embeddings
dim_440,float,,Dimension 440 of the Molecular representation through redundancy reduced Embeddings
dim_441,float,,Dimension 441 of the Molecular representation through redundancy reduced Embeddings
dim_442,float,,Dimension 442 of the Molecular representation through redundancy reduced Embeddings
dim_443,float,,Dimension 443 of the Molecular representation through redundancy reduced Embeddings
dim_444,float,,Dimension 444 of the Molecular representation through redundancy reduced Embeddings
dim_445,float,,Dimension 445 of the Molecular representation through redundancy reduced Embeddings
dim_446,float,,Dimension 446 of the Molecular representation through redundancy reduced Embeddings
dim_447,float,,Dimension 447 of the Molecular representation through redundancy reduced Embeddings
dim_448,float,,Dimension 448 of the Molecular representation through redundancy reduced Embeddings
dim_449,float,,Dimension 449 of the Molecular representation through redundancy reduced Embeddings
dim_450,float,,Dimension 450 of the Molecular representation through redundancy reduced Embeddings
dim_451,float,,Dimension 451 of the Molecular representation through redundancy reduced Embeddings
dim_452,float,,Dimension 452 of the Molecular representation through redundancy reduced Embeddings
dim_453,float,,Dimension 453 of the Molecular representation through redundancy reduced Embeddings
dim_454,float,,Dimension 454 of the Molecular representation through redundancy reduced Embeddings
dim_455,float,,Dimension 455 of the Molecular representation through redundancy reduced Embeddings
dim_456,float,,Dimension 456 of the Molecular representation through redundancy reduced Embeddings
dim_457,float,,Dimension 457 of the Molecular representation through redundancy reduced Embeddings
dim_458,float,,Dimension 458 of the Molecular representation through redundancy reduced Embeddings
dim_459,float,,Dimension 459 of the Molecular representation through redundancy reduced Embeddings
dim_460,float,,Dimension 460 of the Molecular representation through redundancy reduced Embeddings
dim_461,float,,Dimension 461 of the Molecular representation through redundancy reduced Embeddings
dim_462,float,,Dimension 462 of the Molecular representation through redundancy reduced Embeddings
dim_463,float,,Dimension 463 of the Molecular representation through redundancy reduced Embeddings
dim_464,float,,Dimension 464 of the Molecular representation through redundancy reduced Embeddings
dim_465,float,,Dimension 465 of the Molecular representation through redundancy reduced Embeddings
dim_466,float,,Dimension 466 of the Molecular representation through redundancy reduced Embeddings
dim_467,float,,Dimension 467 of the Molecular representation through redundancy reduced Embeddings
dim_468,float,,Dimension 468 of the Molecular representation through redundancy reduced Embeddings
dim_469,float,,Dimension 469 of the Molecular representation through redundancy reduced Embeddings
dim_470,float,,Dimension 470 of the Molecular representation through redundancy reduced Embeddings
dim_471,float,,Dimension 471 of the Molecular representation through redundancy reduced Embeddings
dim_472,float,,Dimension 472 of the Molecular representation through redundancy reduced Embeddings
dim_473,float,,Dimension 473 of the Molecular representation through redundancy reduced Embeddings
dim_474,float,,Dimension 474 of the Molecular representation through redundancy reduced Embeddings
dim_475,float,,Dimension 475 of the Molecular representation through redundancy reduced Embeddings
dim_476,float,,Dimension 476 of the Molecular representation through redundancy reduced Embeddings
dim_477,float,,Dimension 477 of the Molecular representation through redundancy reduced Embeddings
dim_478,float,,Dimension 478 of the Molecular representation through redundancy reduced Embeddings
dim_479,float,,Dimension 479 of the Molecular representation through redundancy reduced Embeddings
dim_480,float,,Dimension 480 of the Molecular representation through redundancy reduced Embeddings
dim_481,float,,Dimension 481 of the Molecular representation through redundancy reduced Embeddings
dim_482,float,,Dimension 482 of the Molecular representation through redundancy reduced Embeddings
dim_483,float,,Dimension 483 of the Molecular representation through redundancy reduced Embeddings
dim_484,float,,Dimension 484 of the Molecular representation through redundancy reduced Embeddings
dim_485,float,,Dimension 485 of the Molecular representation through redundancy reduced Embeddings
dim_486,float,,Dimension 486 of the Molecular representation through redundancy reduced Embeddings
dim_487,float,,Dimension 487 of the Molecular representation through redundancy reduced Embeddings
dim_488,float,,Dimension 488 of the Molecular representation through redundancy reduced Embeddings
dim_489,float,,Dimension 489 of the Molecular representation through redundancy reduced Embeddings
dim_490,float,,Dimension 490 of the Molecular representation through redundancy reduced Embeddings
dim_491,float,,Dimension 491 of the Molecular representation through redundancy reduced Embeddings
dim_492,float,,Dimension 492 of the Molecular representation through redundancy reduced Embeddings
dim_493,float,,Dimension 493 of the Molecular representation through redundancy reduced Embeddings
dim_494,float,,Dimension 494 of the Molecular representation through redundancy reduced Embeddings
dim_495,float,,Dimension 495 of the Molecular representation through redundancy reduced Embeddings
dim_496,float,,Dimension 496 of the Molecular representation through redundancy reduced Embeddings
dim_497,float,,Dimension 497 of the Molecular representation through redundancy reduced Embeddings
dim_498,float,,Dimension 498 of the Molecular representation through redundancy reduced Embeddings
dim_499,float,,Dimension 499 of the Molecular representation through redundancy reduced Embeddings
dim_500,float,,Dimension 500 of the Molecular representation through redundancy reduced Embeddings
dim_501,float,,Dimension 501 of the Molecular representation through redundancy reduced Embeddings
dim_502,float,,Dimension 502 of the Molecular representation through redundancy reduced Embeddings
dim_503,float,,Dimension 503 of the Molecular representation through redundancy reduced Embeddings
dim_504,float,,Dimension 504 of the Molecular representation through redundancy reduced Embeddings
dim_505,float,,Dimension 505 of the Molecular representation through redundancy reduced Embeddings
dim_506,float,,Dimension 506 of the Molecular representation through redundancy reduced Embeddings
dim_507,float,,Dimension 507 of the Molecular representation through redundancy reduced Embeddings
dim_508,float,,Dimension 508 of the Molecular representation through redundancy reduced Embeddings
dim_509,float,,Dimension 509 of the Molecular representation through redundancy reduced Embeddings
dim_510,float,,Dimension 510 of the Molecular representation through redundancy reduced Embeddings
dim_511,float,,Dimension 511 of the Molecular representation through redundancy reduced Embeddings
dim_512,float,,Dimension 512 of the Molecular representation through redundancy reduced Embeddings
dim_513,float,,Dimension 513 of the Molecular representation through redundancy reduced Embeddings
dim_514,float,,Dimension 514 of the Molecular representation through redundancy reduced Embeddings
dim_515,float,,Dimension 515 of the Molecular representation through redundancy reduced Embeddings
dim_516,float,,Dimension 516 of the Molecular representation through redundancy reduced Embeddings
dim_517,float,,Dimension 517 of the Molecular representation through redundancy reduced Embeddings
dim_518,float,,Dimension 518 of the Molecular representation through redundancy reduced Embeddings
dim_519,float,,Dimension 519 of the Molecular representation through redundancy reduced Embeddings
dim_520,float,,Dimension 520 of the Molecular representation through redundancy reduced Embeddings
dim_521,float,,Dimension 521 of the Molecular representation through redundancy reduced Embeddings
dim_522,float,,Dimension 522 of the Molecular representation through redundancy reduced Embeddings
dim_523,float,,Dimension 523 of the Molecular representation through redundancy reduced Embeddings
dim_524,float,,Dimension 524 of the Molecular representation through redundancy reduced Embeddings
dim_525,float,,Dimension 525 of the Molecular representation through redundancy reduced Embeddings
dim_526,float,,Dimension 526 of the Molecular representation through redundancy reduced Embeddings
dim_527,float,,Dimension 527 of the Molecular representation through redundancy reduced Embeddings
dim_528,float,,Dimension 528 of the Molecular representation through redundancy reduced Embeddings
dim_529,float,,Dimension 529 of the Molecular representation through redundancy reduced Embeddings
dim_530,float,,Dimension 530 of the Molecular representation through redundancy reduced Embeddings
dim_531,float,,Dimension 531 of the Molecular representation through redundancy reduced Embeddings
dim_532,float,,Dimension 532 of the Molecular representation through redundancy reduced Embeddings
dim_533,float,,Dimension 533 of the Molecular representation through redundancy reduced Embeddings
dim_534,float,,Dimension 534 of the Molecular representation through redundancy reduced Embeddings
dim_535,float,,Dimension 535 of the Molecular representation through redundancy reduced Embeddings
dim_536,float,,Dimension 536 of the Molecular representation through redundancy reduced Embeddings
dim_537,float,,Dimension 537 of the Molecular representation through redundancy reduced Embeddings
dim_538,float,,Dimension 538 of the Molecular representation through redundancy reduced Embeddings
dim_539,float,,Dimension 539 of the Molecular representation through redundancy reduced Embeddings
dim_540,float,,Dimension 540 of the Molecular representation through redundancy reduced Embeddings
dim_541,float,,Dimension 541 of the Molecular representation through redundancy reduced Embeddings
dim_542,float,,Dimension 542 of the Molecular representation through redundancy reduced Embeddings
dim_543,float,,Dimension 543 of the Molecular representation through redundancy reduced Embeddings
dim_544,float,,Dimension 544 of the Molecular representation through redundancy reduced Embeddings
dim_545,float,,Dimension 545 of the Molecular representation through redundancy reduced Embeddings
dim_546,float,,Dimension 546 of the Molecular representation through redundancy reduced Embeddings
dim_547,float,,Dimension 547 of the Molecular representation through redundancy reduced Embeddings
dim_548,float,,Dimension 548 of the Molecular representation through redundancy reduced Embeddings
dim_549,float,,Dimension 549 of the Molecular representation through redundancy reduced Embeddings
dim_550,float,,Dimension 550 of the Molecular representation through redundancy reduced Embeddings
dim_551,float,,Dimension 551 of the Molecular representation through redundancy reduced Embeddings
dim_552,float,,Dimension 552 of the Molecular representation through redundancy reduced Embeddings
dim_553,float,,Dimension 553 of the Molecular representation through redundancy reduced Embeddings
dim_554,float,,Dimension 554 of the Molecular representation through redundancy reduced Embeddings
dim_555,float,,Dimension 555 of the Molecular representation through redundancy reduced Embeddings
dim_556,float,,Dimension 556 of the Molecular representation through redundancy reduced Embeddings
dim_557,float,,Dimension 557 of the Molecular representation through redundancy reduced Embeddings
dim_558,float,,Dimension 558 of the Molecular representation through redundancy reduced Embeddings
dim_559,float,,Dimension 559 of the Molecular representation through redundancy reduced Embeddings
dim_560,float,,Dimension 560 of the Molecular representation through redundancy reduced Embeddings
dim_561,float,,Dimension 561 of the Molecular representation through redundancy reduced Embeddings
dim_562,float,,Dimension 562 of the Molecular representation through redundancy reduced Embeddings
dim_563,float,,Dimension 563 of the Molecular representation through redundancy reduced Embeddings
dim_564,float,,Dimension 564 of the Molecular representation through redundancy reduced Embeddings
dim_565,float,,Dimension 565 of the Molecular representation through redundancy reduced Embeddings
dim_566,float,,Dimension 566 of the Molecular representation through redundancy reduced Embeddings
dim_567,float,,Dimension 567 of the Molecular representation through redundancy reduced Embeddings
dim_568,float,,Dimension 568 of the Molecular representation through redundancy reduced Embeddings
dim_569,float,,Dimension 569 of the Molecular representation through redundancy reduced Embeddings
dim_570,float,,Dimension 570 of the Molecular representation through redundancy reduced Embeddings
dim_571,float,,Dimension 571 of the Molecular representation through redundancy reduced Embeddings
dim_572,float,,Dimension 572 of the Molecular representation through redundancy reduced Embeddings
dim_573,float,,Dimension 573 of the Molecular representation through redundancy reduced Embeddings
dim_574,float,,Dimension 574 of the Molecular representation through redundancy reduced Embeddings
dim_575,float,,Dimension 575 of the Molecular representation through redundancy reduced Embeddings
dim_576,float,,Dimension 576 of the Molecular representation through redundancy reduced Embeddings
dim_577,float,,Dimension 577 of the Molecular representation through redundancy reduced Embeddings
dim_578,float,,Dimension 578 of the Molecular representation through redundancy reduced Embeddings
dim_579,float,,Dimension 579 of the Molecular representation through redundancy reduced Embeddings
dim_580,float,,Dimension 580 of the Molecular representation through redundancy reduced Embeddings
dim_581,float,,Dimension 581 of the Molecular representation through redundancy reduced Embeddings
dim_582,float,,Dimension 582 of the Molecular representation through redundancy reduced Embeddings
dim_583,float,,Dimension 583 of the Molecular representation through redundancy reduced Embeddings
dim_584,float,,Dimension 584 of the Molecular representation through redundancy reduced Embeddings
dim_585,float,,Dimension 585 of the Molecular representation through redundancy reduced Embeddings
dim_586,float,,Dimension 586 of the Molecular representation through redundancy reduced Embeddings
dim_587,float,,Dimension 587 of the Molecular representation through redundancy reduced Embeddings
dim_588,float,,Dimension 588 of the Molecular representation through redundancy reduced Embeddings
dim_589,float,,Dimension 589 of the Molecular representation through redundancy reduced Embeddings
dim_590,float,,Dimension 590 of the Molecular representation through redundancy reduced Embeddings
dim_591,float,,Dimension 591 of the Molecular representation through redundancy reduced Embeddings
dim_592,float,,Dimension 592 of the Molecular representation through redundancy reduced Embeddings
dim_593,float,,Dimension 593 of the Molecular representation through redundancy reduced Embeddings
dim_594,float,,Dimension 594 of the Molecular representation through redundancy reduced Embeddings
dim_595,float,,Dimension 595 of the Molecular representation through redundancy reduced Embeddings
dim_596,float,,Dimension 596 of the Molecular representation through redundancy reduced Embeddings
dim_597,float,,Dimension 597 of the Molecular representation through redundancy reduced Embeddings
dim_598,float,,Dimension 598 of the Molecular representation through redundancy reduced Embeddings
dim_599,float,,Dimension 599 of the Molecular representation through redundancy reduced Embeddings
dim_600,float,,Dimension 600 of the Molecular representation through redundancy reduced Embeddings
dim_601,float,,Dimension 601 of the Molecular representation through redundancy reduced Embeddings
dim_602,float,,Dimension 602 of the Molecular representation through redundancy reduced Embeddings
dim_603,float,,Dimension 603 of the Molecular representation through redundancy reduced Embeddings
dim_604,float,,Dimension 604 of the Molecular representation through redundancy reduced Embeddings
dim_605,float,,Dimension 605 of the Molecular representation through redundancy reduced Embeddings
dim_606,float,,Dimension 606 of the Molecular representation through redundancy reduced Embeddings
dim_607,float,,Dimension 607 of the Molecular representation through redundancy reduced Embeddings
dim_608,float,,Dimension 608 of the Molecular representation through redundancy reduced Embeddings
dim_609,float,,Dimension 609 of the Molecular representation through redundancy reduced Embeddings
dim_610,float,,Dimension 610 of the Molecular representation through redundancy reduced Embeddings
dim_611,float,,Dimension 611 of the Molecular representation through redundancy reduced Embeddings
dim_612,float,,Dimension 612 of the Molecular representation through redundancy reduced Embeddings
dim_613,float,,Dimension 613 of the Molecular representation through redundancy reduced Embeddings
dim_614,float,,Dimension 614 of the Molecular representation through redundancy reduced Embeddings
dim_615,float,,Dimension 615 of the Molecular representation through redundancy reduced Embeddings
dim_616,float,,Dimension 616 of the Molecular representation through redundancy reduced Embeddings
dim_617,float,,Dimension 617 of the Molecular representation through redundancy reduced Embeddings
dim_618,float,,Dimension 618 of the Molecular representation through redundancy reduced Embeddings
dim_619,float,,Dimension 619 of the Molecular representation through redundancy reduced Embeddings
dim_620,float,,Dimension 620 of the Molecular representation through redundancy reduced Embeddings
dim_621,float,,Dimension 621 of the Molecular representation through redundancy reduced Embeddings
dim_622,float,,Dimension 622 of the Molecular representation through redundancy reduced Embeddings
dim_623,float,,Dimension 623 of the Molecular representation through redundancy reduced Embeddings
dim_624,float,,Dimension 624 of the Molecular representation through redundancy reduced Embeddings
dim_625,float,,Dimension 625 of the Molecular representation through redundancy reduced Embeddings
dim_626,float,,Dimension 626 of the Molecular representation through redundancy reduced Embeddings
dim_627,float,,Dimension 627 of the Molecular representation through redundancy reduced Embeddings
dim_628,float,,Dimension 628 of the Molecular representation through redundancy reduced Embeddings
dim_629,float,,Dimension 629 of the Molecular representation through redundancy reduced Embeddings
dim_630,float,,Dimension 630 of the Molecular representation through redundancy reduced Embeddings
dim_631,float,,Dimension 631 of the Molecular representation through redundancy reduced Embeddings
dim_632,float,,Dimension 632 of the Molecular representation through redundancy reduced Embeddings
dim_633,float,,Dimension 633 of the Molecular representation through redundancy reduced Embeddings
dim_634,float,,Dimension 634 of the Molecular representation through redundancy reduced Embeddings
dim_635,float,,Dimension 635 of the Molecular representation through redundancy reduced Embeddings
dim_636,float,,Dimension 636 of the Molecular representation through redundancy reduced Embeddings
dim_637,float,,Dimension 637 of the Molecular representation through redundancy reduced Embeddings
dim_638,float,,Dimension 638 of the Molecular representation through redundancy reduced Embeddings
dim_639,float,,Dimension 639 of the Molecular representation through redundancy reduced Embeddings
dim_640,float,,Dimension 640 of the Molecular representation through redundancy reduced Embeddings
dim_641,float,,Dimension 641 of the Molecular representation through redundancy reduced Embeddings
dim_642,float,,Dimension 642 of the Molecular representation through redundancy reduced Embeddings
dim_643,float,,Dimension 643 of the Molecular representation through redundancy reduced Embeddings
dim_644,float,,Dimension 644 of the Molecular representation through redundancy reduced Embeddings
dim_645,float,,Dimension 645 of the Molecular representation through redundancy reduced Embeddings
dim_646,float,,Dimension 646 of the Molecular representation through redundancy reduced Embeddings
dim_647,float,,Dimension 647 of the Molecular representation through redundancy reduced Embeddings
dim_648,float,,Dimension 648 of the Molecular representation through redundancy reduced Embeddings
dim_649,float,,Dimension 649 of the Molecular representation through redundancy reduced Embeddings
dim_650,float,,Dimension 650 of the Molecular representation through redundancy reduced Embeddings
dim_651,float,,Dimension 651 of the Molecular representation through redundancy reduced Embeddings
dim_652,float,,Dimension 652 of the Molecular representation through redundancy reduced Embeddings
dim_653,float,,Dimension 653 of the Molecular representation through redundancy reduced Embeddings
dim_654,float,,Dimension 654 of the Molecular representation through redundancy reduced Embeddings
dim_655,float,,Dimension 655 of the Molecular representation through redundancy reduced Embeddings
dim_656,float,,Dimension 656 of the Molecular representation through redundancy reduced Embeddings
dim_657,float,,Dimension 657 of the Molecular representation through redundancy reduced Embeddings
dim_658,float,,Dimension 658 of the Molecular representation through redundancy reduced Embeddings
dim_659,float,,Dimension 659 of the Molecular representation through redundancy reduced Embeddings
dim_660,float,,Dimension 660 of the Molecular representation through redundancy reduced Embeddings
dim_661,float,,Dimension 661 of the Molecular representation through redundancy reduced Embeddings
dim_662,float,,Dimension 662 of the Molecular representation through redundancy reduced Embeddings
dim_663,float,,Dimension 663 of the Molecular representation through redundancy reduced Embeddings
dim_664,float,,Dimension 664 of the Molecular representation through redundancy reduced Embeddings
dim_665,float,,Dimension 665 of the Molecular representation through redundancy reduced Embeddings
dim_666,float,,Dimension 666 of the Molecular representation through redundancy reduced Embeddings
dim_667,float,,Dimension 667 of the Molecular representation through redundancy reduced Embeddings
dim_668,float,,Dimension 668 of the Molecular representation through redundancy reduced Embeddings
dim_669,float,,Dimension 669 of the Molecular representation through redundancy reduced Embeddings
dim_670,float,,Dimension 670 of the Molecular representation through redundancy reduced Embeddings
dim_671,float,,Dimension 671 of the Molecular representation through redundancy reduced Embeddings
dim_672,float,,Dimension 672 of the Molecular representation through redundancy reduced Embeddings
dim_673,float,,Dimension 673 of the Molecular representation through redundancy reduced Embeddings
dim_674,float,,Dimension 674 of the Molecular representation through redundancy reduced Embeddings
dim_675,float,,Dimension 675 of the Molecular representation through redundancy reduced Embeddings
dim_676,float,,Dimension 676 of the Molecular representation through redundancy reduced Embeddings
dim_677,float,,Dimension 677 of the Molecular representation through redundancy reduced Embeddings
dim_678,float,,Dimension 678 of the Molecular representation through redundancy reduced Embeddings
dim_679,float,,Dimension 679 of the Molecular representation through redundancy reduced Embeddings
dim_680,float,,Dimension 680 of the Molecular representation through redundancy reduced Embeddings
dim_681,float,,Dimension 681 of the Molecular representation through redundancy reduced Embeddings
dim_682,float,,Dimension 682 of the Molecular representation through redundancy reduced Embeddings
dim_683,float,,Dimension 683 of the Molecular representation through redundancy reduced Embeddings
dim_684,float,,Dimension 684 of the Molecular representation through redundancy reduced Embeddings
dim_685,float,,Dimension 685 of the Molecular representation through redundancy reduced Embeddings
dim_686,float,,Dimension 686 of the Molecular representation through redundancy reduced Embeddings
dim_687,float,,Dimension 687 of the Molecular representation through redundancy reduced Embeddings
dim_688,float,,Dimension 688 of the Molecular representation through redundancy reduced Embeddings
dim_689,float,,Dimension 689 of the Molecular representation through redundancy reduced Embeddings
dim_690,float,,Dimension 690 of the Molecular representation through redundancy reduced Embeddings
dim_691,float,,Dimension 691 of the Molecular representation through redundancy reduced Embeddings
dim_692,float,,Dimension 692 of the Molecular representation through redundancy reduced Embeddings
dim_693,float,,Dimension 693 of the Molecular representation through redundancy reduced Embeddings
dim_694,float,,Dimension 694 of the Molecular representation through redundancy reduced Embeddings
dim_695,float,,Dimension 695 of the Molecular representation through redundancy reduced Embeddings
dim_696,float,,Dimension 696 of the Molecular representation through redundancy reduced Embeddings
dim_697,float,,Dimension 697 of the Molecular representation through redundancy reduced Embeddings
dim_698,float,,Dimension 698 of the Molecular representation through redundancy reduced Embeddings
dim_699,float,,Dimension 699 of the Molecular representation through redundancy reduced Embeddings
dim_700,float,,Dimension 700 of the Molecular representation through redundancy reduced Embeddings
dim_701,float,,Dimension 701 of the Molecular representation through redundancy reduced Embeddings
dim_702,float,,Dimension 702 of the Molecular representation through redundancy reduced Embeddings
dim_703,float,,Dimension 703 of the Molecular representation through redundancy reduced Embeddings
dim_704,float,,Dimension 704 of the Molecular representation through redundancy reduced Embeddings
dim_705,float,,Dimension 705 of the Molecular representation through redundancy reduced Embeddings
dim_706,float,,Dimension 706 of the Molecular representation through redundancy reduced Embeddings
dim_707,float,,Dimension 707 of the Molecular representation through redundancy reduced Embeddings
dim_708,float,,Dimension 708 of the Molecular representation through redundancy reduced Embeddings
dim_709,float,,Dimension 709 of the Molecular representation through redundancy reduced Embeddings
dim_710,float,,Dimension 710 of the Molecular representation through redundancy reduced Embeddings
dim_711,float,,Dimension 711 of the Molecular representation through redundancy reduced Embeddings
dim_712,float,,Dimension 712 of the Molecular representation through redundancy reduced Embeddings
dim_713,float,,Dimension 713 of the Molecular representation through redundancy reduced Embeddings
dim_714,float,,Dimension 714 of the Molecular representation through redundancy reduced Embeddings
dim_715,float,,Dimension 715 of the Molecular representation through redundancy reduced Embeddings
dim_716,float,,Dimension 716 of the Molecular representation through redundancy reduced Embeddings
dim_717,float,,Dimension 717 of the Molecular representation through redundancy reduced Embeddings
dim_718,float,,Dimension 718 of the Molecular representation through redundancy reduced Embeddings
dim_719,float,,Dimension 719 of the Molecular representation through redundancy reduced Embeddings
dim_720,float,,Dimension 720 of the Molecular representation through redundancy reduced Embeddings
dim_721,float,,Dimension 721 of the Molecular representation through redundancy reduced Embeddings
dim_722,float,,Dimension 722 of the Molecular representation through redundancy reduced Embeddings
dim_723,float,,Dimension 723 of the Molecular representation through redundancy reduced Embeddings
dim_724,float,,Dimension 724 of the Molecular representation through redundancy reduced Embeddings
dim_725,float,,Dimension 725 of the Molecular representation through redundancy reduced Embeddings
dim_726,float,,Dimension 726 of the Molecular representation through redundancy reduced Embeddings
dim_727,float,,Dimension 727 of the Molecular representation through redundancy reduced Embeddings
dim_728,float,,Dimension 728 of the Molecular representation through redundancy reduced Embeddings
dim_729,float,,Dimension 729 of the Molecular representation through redundancy reduced Embeddings
dim_730,float,,Dimension 730 of the Molecular representation through redundancy reduced Embeddings
dim_731,float,,Dimension 731 of the Molecular representation through redundancy reduced Embeddings
dim_732,float,,Dimension 732 of the Molecular representation through redundancy reduced Embeddings
dim_733,float,,Dimension 733 of the Molecular representation through redundancy reduced Embeddings
dim_734,float,,Dimension 734 of the Molecular representation through redundancy reduced Embeddings
dim_735,float,,Dimension 735 of the Molecular representation through redundancy reduced Embeddings
dim_736,float,,Dimension 736 of the Molecular representation through redundancy reduced Embeddings
dim_737,float,,Dimension 737 of the Molecular representation through redundancy reduced Embeddings
dim_738,float,,Dimension 738 of the Molecular representation through redundancy reduced Embeddings
dim_739,float,,Dimension 739 of the Molecular representation through redundancy reduced Embeddings
dim_740,float,,Dimension 740 of the Molecular representation through redundancy reduced Embeddings
dim_741,float,,Dimension 741 of the Molecular representation through redundancy reduced Embeddings
dim_742,float,,Dimension 742 of the Molecular representation through redundancy reduced Embeddings
dim_743,float,,Dimension 743 of the Molecular representation through redundancy reduced Embeddings
dim_744,float,,Dimension 744 of the Molecular representation through redundancy reduced Embeddings
dim_745,float,,Dimension 745 of the Molecular representation through redundancy reduced Embeddings
dim_746,float,,Dimension 746 of the Molecular representation through redundancy reduced Embeddings
dim_747,float,,Dimension 747 of the Molecular representation through redundancy reduced Embeddings
dim_748,float,,Dimension 748 of the Molecular representation through redundancy reduced Embeddings
dim_749,float,,Dimension 749 of the Molecular representation through redundancy reduced Embeddings
dim_750,float,,Dimension 750 of the Molecular representation through redundancy reduced Embeddings
dim_751,float,,Dimension 751 of the Molecular representation through redundancy reduced Embeddings
dim_752,float,,Dimension 752 of the Molecular representation through redundancy reduced Embeddings
dim_753,float,,Dimension 753 of the Molecular representation through redundancy reduced Embeddings
dim_754,float,,Dimension 754 of the Molecular representation through redundancy reduced Embeddings
dim_755,float,,Dimension 755 of the Molecular representation through redundancy reduced Embeddings
dim_756,float,,Dimension 756 of the Molecular representation through redundancy reduced Embeddings
dim_757,float,,Dimension 757 of the Molecular representation through redundancy reduced Embeddings
dim_758,float,,Dimension 758 of the Molecular representation through redundancy reduced Embeddings
dim_759,float,,Dimension 759 of the Molecular representation through redundancy reduced Embeddings
dim_760,float,,Dimension 760 of the Molecular representation through redundancy reduced Embeddings
dim_761,float,,Dimension 761 of the Molecular representation through redundancy reduced Embeddings
dim_762,float,,Dimension 762 of the Molecular representation through redundancy reduced Embeddings
dim_763,float,,Dimension 763 of the Molecular representation through redundancy reduced Embeddings
dim_764,float,,Dimension 764 of the Molecular representation through redundancy reduced Embeddings
dim_765,float,,Dimension 765 of the Molecular representation through redundancy reduced Embeddings
dim_766,float,,Dimension 766 of the Molecular representation through redundancy reduced Embeddings
dim_767,float,,Dimension 767 of the Molecular representation through redundancy reduced Embeddings
dim_768,float,,Dimension 768 of the Molecular representation through redundancy reduced Embeddings
dim_769,float,,Dimension 769 of the Molecular representation through redundancy reduced Embeddings
dim_770,float,,Dimension 770 of the Molecular representation through redundancy reduced Embeddings
dim_771,float,,Dimension 771 of the Molecular representation through redundancy reduced Embeddings
dim_772,float,,Dimension 772 of the Molecular representation through redundancy reduced Embeddings
dim_773,float,,Dimension 773 of the Molecular representation through redundancy reduced Embeddings
dim_774,float,,Dimension 774 of the Molecular representation through redundancy reduced Embeddings
dim_775,float,,Dimension 775 of the Molecular representation through redundancy reduced Embeddings
dim_776,float,,Dimension 776 of the Molecular representation through redundancy reduced Embeddings
dim_777,float,,Dimension 777 of the Molecular representation through redundancy reduced Embeddings
dim_778,float,,Dimension 778 of the Molecular representation through redundancy reduced Embeddings
dim_779,float,,Dimension 779 of the Molecular representation through redundancy reduced Embeddings
dim_780,float,,Dimension 780 of the Molecular representation through redundancy reduced Embeddings
dim_781,float,,Dimension 781 of the Molecular representation through redundancy reduced Embeddings
dim_782,float,,Dimension 782 of the Molecular representation through redundancy reduced Embeddings
dim_783,float,,Dimension 783 of the Molecular representation through redundancy reduced Embeddings
dim_784,float,,Dimension 784 of the Molecular representation through redundancy reduced Embeddings
dim_785,float,,Dimension 785 of the Molecular representation through redundancy reduced Embeddings
dim_786,float,,Dimension 786 of the Molecular representation through redundancy reduced Embeddings
dim_787,float,,Dimension 787 of the Molecular representation through redundancy reduced Embeddings
dim_788,float,,Dimension 788 of the Molecular representation through redundancy reduced Embeddings
dim_789,float,,Dimension 789 of the Molecular representation through redundancy reduced Embeddings
dim_790,float,,Dimension 790 of the Molecular representation through redundancy reduced Embeddings
dim_791,float,,Dimension 791 of the Molecular representation through redundancy reduced Embeddings
dim_792,float,,Dimension 792 of the Molecular representation through redundancy reduced Embeddings
dim_793,float,,Dimension 793 of the Molecular representation through redundancy reduced Embeddings
dim_794,float,,Dimension 794 of the Molecular representation through redundancy reduced Embeddings
dim_795,float,,Dimension 795 of the Molecular representation through redundancy reduced Embeddings
dim_796,float,,Dimension 796 of the Molecular representation through redundancy reduced Embeddings
dim_797,float,,Dimension 797 of the Molecular representation through redundancy reduced Embeddings
dim_798,float,,Dimension 798 of the Molecular representation through redundancy reduced Embeddings
dim_799,float,,Dimension 799 of the Molecular representation through redundancy reduced Embeddings
dim_800,float,,Dimension 800 of the Molecular representation through redundancy reduced Embeddings
dim_801,float,,Dimension 801 of the Molecular representation through redundancy reduced Embeddings
dim_802,float,,Dimension 802 of the Molecular representation through redundancy reduced Embeddings
dim_803,float,,Dimension 803 of the Molecular representation through redundancy reduced Embeddings
dim_804,float,,Dimension 804 of the Molecular representation through redundancy reduced Embeddings
dim_805,float,,Dimension 805 of the Molecular representation through redundancy reduced Embeddings
dim_806,float,,Dimension 806 of the Molecular representation through redundancy reduced Embeddings
dim_807,float,,Dimension 807 of the Molecular representation through redundancy reduced Embeddings
dim_808,float,,Dimension 808 of the Molecular representation through redundancy reduced Embeddings
dim_809,float,,Dimension 809 of the Molecular representation through redundancy reduced Embeddings
dim_810,float,,Dimension 810 of the Molecular representation through redundancy reduced Embeddings
dim_811,float,,Dimension 811 of the Molecular representation through redundancy reduced Embeddings
dim_812,float,,Dimension 812 of the Molecular representation through redundancy reduced Embeddings
dim_813,float,,Dimension 813 of the Molecular representation through redundancy reduced Embeddings
dim_814,float,,Dimension 814 of the Molecular representation through redundancy reduced Embeddings
dim_815,float,,Dimension 815 of the Molecular representation through redundancy reduced Embeddings
dim_816,float,,Dimension 816 of the Molecular representation through redundancy reduced Embeddings
dim_817,float,,Dimension 817 of the Molecular representation through redundancy reduced Embeddings
dim_818,float,,Dimension 818 of the Molecular representation through redundancy reduced Embeddings
dim_819,float,,Dimension 819 of the Molecular representation through redundancy reduced Embeddings
dim_820,float,,Dimension 820 of the Molecular representation through redundancy reduced Embeddings
dim_821,float,,Dimension 821 of the Molecular representation through redundancy reduced Embeddings
dim_822,float,,Dimension 822 of the Molecular representation through redundancy reduced Embeddings
dim_823,float,,Dimension 823 of the Molecular representation through redundancy reduced Embeddings
dim_824,float,,Dimension 824 of the Molecular representation through redundancy reduced Embeddings
dim_825,float,,Dimension 825 of the Molecular representation through redundancy reduced Embeddings
dim_826,float,,Dimension 826 of the Molecular representation through redundancy reduced Embeddings
dim_827,float,,Dimension 827 of the Molecular representation through redundancy reduced Embeddings
dim_828,float,,Dimension 828 of the Molecular representation through redundancy reduced Embeddings
dim_829,float,,Dimension 829 of the Molecular representation through redundancy reduced Embeddings
dim_830,float,,Dimension 830 of the Molecular representation through redundancy reduced Embeddings
dim_831,float,,Dimension 831 of the Molecular representation through redundancy reduced Embeddings
dim_832,float,,Dimension 832 of the Molecular representation through redundancy reduced Embeddings
dim_833,float,,Dimension 833 of the Molecular representation through redundancy reduced Embeddings
dim_834,float,,Dimension 834 of the Molecular representation through redundancy reduced Embeddings
dim_835,float,,Dimension 835 of the Molecular representation through redundancy reduced Embeddings
dim_836,float,,Dimension 836 of the Molecular representation through redundancy reduced Embeddings
dim_837,float,,Dimension 837 of the Molecular representation through redundancy reduced Embeddings
dim_838,float,,Dimension 838 of the Molecular representation through redundancy reduced Embeddings
dim_839,float,,Dimension 839 of the Molecular representation through redundancy reduced Embeddings
dim_840,float,,Dimension 840 of the Molecular representation through redundancy reduced Embeddings
dim_841,float,,Dimension 841 of the Molecular representation through redundancy reduced Embeddings
dim_842,float,,Dimension 842 of the Molecular representation through redundancy reduced Embeddings
dim_843,float,,Dimension 843 of the Molecular representation through redundancy reduced Embeddings
dim_844,float,,Dimension 844 of the Molecular representation through redundancy reduced Embeddings
dim_845,float,,Dimension 845 of the Molecular representation through redundancy reduced Embeddings
dim_846,float,,Dimension 846 of the Molecular representation through redundancy reduced Embeddings
dim_847,float,,Dimension 847 of the Molecular representation through redundancy reduced Embeddings
dim_848,float,,Dimension 848 of the Molecular representation through redundancy reduced Embeddings
dim_849,float,,Dimension 849 of the Molecular representation through redundancy reduced Embeddings
dim_850,float,,Dimension 850 of the Molecular representation through redundancy reduced Embeddings
dim_851,float,,Dimension 851 of the Molecular representation through redundancy reduced Embeddings
dim_852,float,,Dimension 852 of the Molecular representation through redundancy reduced Embeddings
dim_853,float,,Dimension 853 of the Molecular representation through redundancy reduced Embeddings
dim_854,float,,Dimension 854 of the Molecular representation through redundancy reduced Embeddings
dim_855,float,,Dimension 855 of the Molecular representation through redundancy reduced Embeddings
dim_856,float,,Dimension 856 of the Molecular representation through redundancy reduced Embeddings
dim_857,float,,Dimension 857 of the Molecular representation through redundancy reduced Embeddings
dim_858,float,,Dimension 858 of the Molecular representation through redundancy reduced Embeddings
dim_859,float,,Dimension 859 of the Molecular representation through redundancy reduced Embeddings
dim_860,float,,Dimension 860 of the Molecular representation through redundancy reduced Embeddings
dim_861,float,,Dimension 861 of the Molecular representation through redundancy reduced Embeddings
dim_862,float,,Dimension 862 of the Molecular representation through redundancy reduced Embeddings
dim_863,float,,Dimension 863 of the Molecular representation through redundancy reduced Embeddings
dim_864,float,,Dimension 864 of the Molecular representation through redundancy reduced Embeddings
dim_865,float,,Dimension 865 of the Molecular representation through redundancy reduced Embeddings
dim_866,float,,Dimension 866 of the Molecular representation through redundancy reduced Embeddings
dim_867,float,,Dimension 867 of the Molecular representation through redundancy reduced Embeddings
dim_868,float,,Dimension 868 of the Molecular representation through redundancy reduced Embeddings
dim_869,float,,Dimension 869 of the Molecular representation through redundancy reduced Embeddings
dim_870,float,,Dimension 870 of the Molecular representation through redundancy reduced Embeddings
dim_871,float,,Dimension 871 of the Molecular representation through redundancy reduced Embeddings
dim_872,float,,Dimension 872 of the Molecular representation through redundancy reduced Embeddings
dim_873,float,,Dimension 873 of the Molecular representation through redundancy reduced Embeddings
dim_874,float,,Dimension 874 of the Molecular representation through redundancy reduced Embeddings
dim_875,float,,Dimension 875 of the Molecular representation through redundancy reduced Embeddings
dim_876,float,,Dimension 876 of the Molecular representation through redundancy reduced Embeddings
dim_877,float,,Dimension 877 of the Molecular representation through redundancy reduced Embeddings
dim_878,float,,Dimension 878 of the Molecular representation through redundancy reduced Embeddings
dim_879,float,,Dimension 879 of the Molecular representation through redundancy reduced Embeddings
dim_880,float,,Dimension 880 of the Molecular representation through redundancy reduced Embeddings
dim_881,float,,Dimension 881 of the Molecular representation through redundancy reduced Embeddings
dim_882,float,,Dimension 882 of the Molecular representation through redundancy reduced Embeddings
dim_883,float,,Dimension 883 of the Molecular representation through redundancy reduced Embeddings
dim_884,float,,Dimension 884 of the Molecular representation through redundancy reduced Embeddings
dim_885,float,,Dimension 885 of the Molecular representation through redundancy reduced Embeddings
dim_886,float,,Dimension 886 of the Molecular representation through redundancy reduced Embeddings
dim_887,float,,Dimension 887 of the Molecular representation through redundancy reduced Embeddings
dim_888,float,,Dimension 888 of the Molecular representation through redundancy reduced Embeddings
dim_889,float,,Dimension 889 of the Molecular representation through redundancy reduced Embeddings
dim_890,float,,Dimension 890 of the Molecular representation through redundancy reduced Embeddings
dim_891,float,,Dimension 891 of the Molecular representation through redundancy reduced Embeddings
dim_892,float,,Dimension 892 of the Molecular representation through redundancy reduced Embeddings
dim_893,float,,Dimension 893 of the Molecular representation through redundancy reduced Embeddings
dim_894,float,,Dimension 894 of the Molecular representation through redundancy reduced Embeddings
dim_895,float,,Dimension 895 of the Molecular representation through redundancy reduced Embeddings
dim_896,float,,Dimension 896 of the Molecular representation through redundancy reduced Embeddings
dim_897,float,,Dimension 897 of the Molecular representation through redundancy reduced Embeddings
dim_898,float,,Dimension 898 of the Molecular representation through redundancy reduced Embeddings
dim_899,float,,Dimension 899 of the Molecular representation through redundancy reduced Embeddings
dim_900,float,,Dimension 900 of the Molecular representation through redundancy reduced Embeddings
dim_901,float,,Dimension 901 of the Molecular representation through redundancy reduced Embeddings
dim_902,float,,Dimension 902 of the Molecular representation through redundancy reduced Embeddings
dim_903,float,,Dimension 903 of the Molecular representation through redundancy reduced Embeddings
dim_904,float,,Dimension 904 of the Molecular representation through redundancy reduced Embeddings
dim_905,float,,Dimension 905 of the Molecular representation through redundancy reduced Embeddings
dim_906,float,,Dimension 906 of the Molecular representation through redundancy reduced Embeddings
dim_907,float,,Dimension 907 of the Molecular representation through redundancy reduced Embeddings
dim_908,float,,Dimension 908 of the Molecular representation through redundancy reduced Embeddings
dim_909,float,,Dimension 909 of the Molecular representation through redundancy reduced Embeddings
dim_910,float,,Dimension 910 of the Molecular representation through redundancy reduced Embeddings
dim_911,float,,Dimension 911 of the Molecular representation through redundancy reduced Embeddings
dim_912,float,,Dimension 912 of the Molecular representation through redundancy reduced Embeddings
dim_913,float,,Dimension 913 of the Molecular representation through redundancy reduced Embeddings
dim_914,float,,Dimension 914 of the Molecular representation through redundancy reduced Embeddings
dim_915,float,,Dimension 915 of the Molecular representation through redundancy reduced Embeddings
dim_916,float,,Dimension 916 of the Molecular representation through redundancy reduced Embeddings
dim_917,float,,Dimension 917 of the Molecular representation through redundancy reduced Embeddings
dim_918,float,,Dimension 918 of the Molecular representation through redundancy reduced Embeddings
dim_919,float,,Dimension 919 of the Molecular representation through redundancy reduced Embeddings
dim_920,float,,Dimension 920 of the Molecular representation through redundancy reduced Embeddings
dim_921,float,,Dimension 921 of the Molecular representation through redundancy reduced Embeddings
dim_922,float,,Dimension 922 of the Molecular representation through redundancy reduced Embeddings
dim_923,float,,Dimension 923 of the Molecular representation through redundancy reduced Embeddings
dim_924,float,,Dimension 924 of the Molecular representation through redundancy reduced Embeddings
dim_925,float,,Dimension 925 of the Molecular representation through redundancy reduced Embeddings
dim_926,float,,Dimension 926 of the Molecular representation through redundancy reduced Embeddings
dim_927,float,,Dimension 927 of the Molecular representation through redundancy reduced Embeddings
dim_928,float,,Dimension 928 of the Molecular representation through redundancy reduced Embeddings
dim_929,float,,Dimension 929 of the Molecular representation through redundancy reduced Embeddings
dim_930,float,,Dimension 930 of the Molecular representation through redundancy reduced Embeddings
dim_931,float,,Dimension 931 of the Molecular representation through redundancy reduced Embeddings
dim_932,float,,Dimension 932 of the Molecular representation through redundancy reduced Embeddings
dim_933,float,,Dimension 933 of the Molecular representation through redundancy reduced Embeddings
dim_934,float,,Dimension 934 of the Molecular representation through redundancy reduced Embeddings
dim_935,float,,Dimension 935 of the Molecular representation through redundancy reduced Embeddings
dim_936,float,,Dimension 936 of the Molecular representation through redundancy reduced Embeddings
dim_937,float,,Dimension 937 of the Molecular representation through redundancy reduced Embeddings
dim_938,float,,Dimension 938 of the Molecular representation through redundancy reduced Embeddings
dim_939,float,,Dimension 939 of the Molecular representation through redundancy reduced Embeddings
dim_940,float,,Dimension 940 of the Molecular representation through redundancy reduced Embeddings
dim_941,float,,Dimension 941 of the Molecular representation through redundancy reduced Embeddings
dim_942,float,,Dimension 942 of the Molecular representation through redundancy reduced Embeddings
dim_943,float,,Dimension 943 of the Molecular representation through redundancy reduced Embeddings
dim_944,float,,Dimension 944 of the Molecular representation through redundancy reduced Embeddings
dim_945,float,,Dimension 945 of the Molecular representation through redundancy reduced Embeddings
dim_946,float,,Dimension 946 of the Molecular representation through redundancy reduced Embeddings
dim_947,float,,Dimension 947 of the Molecular representation through redundancy reduced Embeddings
dim_948,float,,Dimension 948 of the Molecular representation through redundancy reduced Embeddings
dim_949,float,,Dimension 949 of the Molecular representation through redundancy reduced Embeddings
dim_950,float,,Dimension 950 of the Molecular representation through redundancy reduced Embeddings
dim_951,float,,Dimension 951 of the Molecular representation through redundancy reduced Embeddings
dim_952,float,,Dimension 952 of the Molecular representation through redundancy reduced Embeddings
dim_953,float,,Dimension 953 of the Molecular representation through redundancy reduced Embeddings
dim_954,float,,Dimension 954 of the Molecular representation through redundancy reduced Embeddings
dim_955,float,,Dimension 955 of the Molecular representation through redundancy reduced Embeddings
dim_956,float,,Dimension 956 of the Molecular representation through redundancy reduced Embeddings
dim_957,float,,Dimension 957 of the Molecular representation through redundancy reduced Embeddings
dim_958,float,,Dimension 958 of the Molecular representation through redundancy reduced Embeddings
dim_959,float,,Dimension 959 of the Molecular representation through redundancy reduced Embeddings
dim_960,float,,Dimension 960 of the Molecular representation through redundancy reduced Embeddings
dim_961,float,,Dimension 961 of the Molecular representation through redundancy reduced Embeddings
dim_962,float,,Dimension 962 of the Molecular representation through redundancy reduced Embeddings
dim_963,float,,Dimension 963 of the Molecular representation through redundancy reduced Embeddings
dim_964,float,,Dimension 964 of the Molecular representation through redundancy reduced Embeddings
dim_965,float,,Dimension 965 of the Molecular representation through redundancy reduced Embeddings
dim_966,float,,Dimension 966 of the Molecular representation through redundancy reduced Embeddings
dim_967,float,,Dimension 967 of the Molecular representation through redundancy reduced Embeddings
dim_968,float,,Dimension 968 of the Molecular representation through redundancy reduced Embeddings
dim_969,float,,Dimension 969 of the Molecular representation through redundancy reduced Embeddings
dim_970,float,,Dimension 970 of the Molecular representation through redundancy reduced Embeddings
dim_971,float,,Dimension 971 of the Molecular representation through redundancy reduced Embeddings
dim_972,float,,Dimension 972 of the Molecular representation through redundancy reduced Embeddings
dim_973,float,,Dimension 973 of the Molecular representation through redundancy reduced Embeddings
dim_974,float,,Dimension 974 of the Molecular representation through redundancy reduced Embeddings
dim_975,float,,Dimension 975 of the Molecular representation through redundancy reduced Embeddings
dim_976,float,,Dimension 976 of the Molecular representation through redundancy reduced Embeddings
dim_977,float,,Dimension 977 of the Molecular representation through redundancy reduced Embeddings
dim_978,float,,Dimension 978 of the Molecular representation through redundancy reduced Embeddings
dim_979,float,,Dimension 979 of the Molecular representation through redundancy reduced Embeddings
dim_980,float,,Dimension 980 of the Molecular representation through redundancy reduced Embeddings
dim_981,float,,Dimension 981 of the Molecular representation through redundancy reduced Embeddings
dim_982,float,,Dimension 982 of the Molecular representation through redundancy reduced Embeddings
dim_983,float,,Dimension 983 of the Molecular representation through redundancy reduced Embeddings
dim_984,float,,Dimension 984 of the Molecular representation through redundancy reduced Embeddings
dim_985,float,,Dimension 985 of the Molecular representation through redundancy reduced Embeddings
dim_986,float,,Dimension 986 of the Molecular representation through redundancy reduced Embeddings
dim_987,float,,Dimension 987 of the Molecular representation through redundancy reduced Embeddings
dim_988,float,,Dimension 988 of the Molecular representation through redundancy reduced Embeddings
dim_989,float,,Dimension 989 of the Molecular representation through redundancy reduced Embeddings
dim_990,float,,Dimension 990 of the Molecular representation through redundancy reduced Embeddings
dim_991,float,,Dimension 991 of the Molecular representation through redundancy reduced Embeddings
dim_992,float,,Dimension 992 of the Molecular representation through redundancy reduced Embeddings
dim_993,float,,Dimension 993 of the Molecular representation through redundancy reduced Embeddings
dim_994,float,,Dimension 994 of the Molecular representation through redundancy reduced Embeddings
dim_995,float,,Dimension 995 of the Molecular representation through redundancy reduced Embeddings
dim_996,float,,Dimension 996 of the Molecular representation through redundancy reduced Embeddings
dim_997,float,,Dimension 997 of the Molecular representation through redundancy reduced Embeddings
dim_998,float,,Dimension 998 of the Molecular representation through redundancy reduced Embeddings
dim_999,float,,Dimension 999 of the Molecular representation through redundancy reduced Embeddings
